sender,value,blockNumber,timestamp
0xB66426c5D88309668dBE013C118831642F532DD0,57325246818563798504,14129326,1643841049
0xfE021e62637Cf8B880a76b09E94904693D38256A,79931657325980000000,14129361,1643841679
0x58F09dd6DF8dFCe8c209A00BaE4348002BACac1d,687175562000000000000,14129466,1643842956
0xe4918B846156782a8454AcB1332BEeeA9B523763,400000000000000000,14129789,1643847279
0xb44A14dEcD9270E34E2dDaff4CD8690a2Cb88461,1926970000000000000,14140650,1643992835
0xdeFD0dE775d82A61D1A93efC18913e7B16906e1c,1200000000000000000,14133509,1643897857
0xAE13245d7ab6621b8583F5a734F8F8728dE4Dcd1,766923000000000000,14133548,1643898486
0xC5c8eff68183581f8a108CE6414a21a6675A4b79,1500000000000000000,14133719,1643900946
0x2843b4E0e0B7B812C1B574C77a54308dAed0d0A2,114330000000000000,14133937,1643903983
0x58Ba373d9eE46ED5402a6A15fE9CcADc67dE1650,870000000000000000,14137750,1643954611
0x872C95b2284e089FCB205D5DcF8E40b9E4Caea97,1120000000000000000,14134221,1643907476
0x74F2305790da72386a1d1d32d82b8DB8164C0704,3000000000000000000,14135395,1643923043
0x211be2dDC09c482B27Ed780A710b18d8Cb76328E,1000000000000000000,14135618,1643926204
0x6C0822b5D3A0aEC3869DDdE051573a97856Aeb54,333333333300000000,14135812,1643928730
0x8ffd0b26e7a5d1B535BcC3227b44A933FFf0d338,2450000000000000000,14136349,1643935611
0x3D4C86aa1f4aE5318e91957287918aDD80f4f4C6,380000000000000000,14136450,1643937840
0xDfd89a9d9C7A7B278887F59C9ff4BD244Cb1d397,0,14136550,1643938440
0x0e2Bac198dd3646576dbAB5D86130E538f39820b,1000000000000000,14138950,1643971608
0x586075CEa62b415A33050c012c6e1591C1da1c74,1500000000000000,14139050,1643972660
0x8B4Ca0c6Ff4B175a776aEA73A251354B6771bccA,105000000000000000,14140650,1643993004
0x1F736b9D5cdeb4933DB97e4f9f8153899E0Ab82f,390000000000000000,14141950,1644009553
0x3c7eA1846BC5cb5e043a1CE8B728d4e42d9f2539,278000000000000000,14141350,1644002951